"","code","MinFrom0","SpC_corr","DOC_conc","Delta.13C","AF_corr","doc_13C","delCO2","co2AF_corr","DIC13","removed_c"
"1","b_g1_up",6,0.25,1.97,-25.398,-1.06504238614642e-05,-2.09813350070845e-05,-21.41858750624,-2.34722734581382e-06,-0.000159282847686926,0.000378124192149942
"2","b_g1_up",7,0.25,2.11,-23.619,8.90938349430194e-06,1.87987991729771e-05,-21.2079601911458,-3.15797449492589e-08,-2.14300149225671e-06,0.00033834405796988
"3","b_g1_up",10,2.25,2.01,-24.271,1.74084238157256e-06,3.49909318696084e-06,-21.62735688254,-4.64245937082351e-06,-0.000315037292904084,0.00321078662109875
"4","b_g1_up",35,-2.75,4.28,-2.162,0.000244764592088633,0.00104759245413935,-20.5664464006806,7.02118926147223e-06,0.000476457903283506,-0.00497616388271078
"5","b_g1_up",40,6.25,2.94,125.455,0.00164520932201069,0.00483691540671143,-16.9005094309792,4.73223787611048e-05,0.00321129662272857,0.00409165602186
"6","b_g1_up",44,26.25,2.02,1009.793,0.0112418481529973,0.0227085332690546,-16.0199311108125,5.70024580337607e-05,0.003868186802171,0.0147914667309454
"7","b_g1_up",47,44.25,1.99,2043.874,0.0222295537024864,0.0442368118679479,-14.7286467077292,7.11970315038155e-05,0.00483143055784892,0.0189774738463378
"8","b_g1_up",50,74.25,2.58,2547.392,0.0274908240040153,0.0709263259303595,-10.6836908021042,0.000115658978509372,0.00784861828164598,0.035145102641069
"9","b_g1_up",53,98.25,2.03,4351.666,0.0458825413161635,0.0931415588718119,-9.33685613400725,0.000130462428722089,0.00885318041308094,0.047215583985331
"10","b_g1_up",56,123.25,2.32,4420.777,0.0465730396990958,0.108049452101902,-6.88979995036042,0.000157357598500796,0.010678286634264,0.0680219764695264
"11","b_g1_up",59,125.25,6.23,1789.344,0.01954799756984,0.121784024860103,-7.95960868549783,0.000145599696346314,0.00988039539406085,0.0571445465684685
"12","b_g1_up",62,122.25,1.97,4750.615,0.0498546236696596,0.0982136086292294,-3.96409798025,0.000189511561125254,0.0128602545379597,0.0764292485136278
"13","b_g1_up",65,123.25,2.13,4248.515,0.0448500603166107,0.0955306284743808,-0.800550643280625,0.000224277132196101,0.0152194461908274,0.0805408000970477
"14","b_g1_up",68,119.25,5.26,1730.26,0.0189234000890749,0.0995370844685338,-5.11782859046875,0.000176832115033358,0.0119998273261637,0.0708200583886091
"15","b_g1_up",71.25,115.25,2.6,1851.469,0.0202038757710266,0.0525300770046691,-1.440814469335,0.000217241197205542,0.0147419876423681,0.112112780138188
"16","b_g1_up",75,109.25,4.06,1775.654,0.0194033474158668,0.0787775905084191,-3.57958448890625,0.000193737274390354,0.0131470114401294,0.0772938380630094
"17","b_g1_up",80,100.25,2.13,2590.329,0.0279368254825894,0.0595054382779153,1.42385510089375,0.000248720612158932,0.0168781807411051,0.0837088474363704
"18","b_g1_up",85,87.25,2.06,2174.705,0.0236021375709905,0.0486204033962403,0.992951564123958,0.000243985607280145,0.0165568633100306,0.0760224537466168
"19","b_g1_up",90,82.25,2.48,1523.596,0.0167323389519754,0.0414962006008989,0.880078385298,0.000242745287263485,0.0164726951937001,0.0760037993991011
"20","b_g1_up",95,73.25,2.05,1616.633,0.0177199449486969,0.0363258871448286,-1.84653088782083,0.000212782679623691,0.0144394326392636,0.0683169699980285
"21","b_g1_up",100,67.25,1.97,1343.261,0.014812317861364,0.029180266186887,-1.26191301495187,0.000219207176548651,0.0148753990005915,0.0668911623845416
"22","b_g1_up",105,59.25,1.99,1020.658,0.0113585929747013,0.0226036000196556,-1.09144996262042,0.000221080417544589,0.0150025171345758,0.0620392571232015
"23","b_g1_up",110,52.25,2.01,851.777,0.00954080398045121,0.0191770160007069,-2.15162715615417,0.00020942987515403,0.0142119113279525,0.0554658411421502
"24","b_g1_up",120,43.25,5.25,-23.692,8.10677592775338e-06,4.25605736207053e-05,-5.9163710821,0.000168055979550831,0.0114042787723194,0.0617431537120936
"25","b_g1_up",130,35.25,5.24,213.804,0.00261241324087443,0.013689045382182,-6.57588662365833,0.000160807659527,0.0109124077755022,0.0366680974749608
"26","b_g1_up",140,28.25,5.71,140.865,0.0018140473850035,0.01035821056837,-7.58272173438958,0.000149741963906323,0.0101614896706831,0.0299989322887729
"27","b_g1_up",150,22.25,5.08,112.489,0.00150310395182068,0.00763576807524905,-8.45347865395417,0.000140171645998806,0.00951204789747899,0.0241499462104652
"28","b_g1_up",160,18.25,6.13,65.094,0.000983313860746463,0.00602771396637582,-8.83243000292292,0.000136006608467716,0.00922940845061924,0.0200437146050528
"29","b_g1_up",170,13.25,5.55,56.034,0.000883888800118004,0.00490558284065492,-9.748267862194,0.000125940530180713,0.0085463243780632,0.0140229885879165
"30","b_g1_up",180,10.25,5.2,47.306,0.000788088207390432,0.00409805867843025,-10.34407199242,0.000119391869068784,0.00810193223500768,0.0105447984644269
"31","b_g1_up",190,6.25,4.59,32.589,0.00062650886404784,0.00287567568597958,-10.6746258018125,0.000115758616036375,0.00785537968422842,0.00605289574259184
"32","b_g1_up",200,5.25,4.8,21.672,0.000506615948315695,0.00243175655191534,-11.5278625206458,0.000106380216535286,0.0072189614940845,0.00506824344808466
"33","b_g1_up",210,3.25,3.57,29.29,0.000590281580262341,0.00210730524153656,-11.8997797105,0.000102292212112099,0.00694154951392704,0.00253555190132058
"34","b_g1_up",220,0.25,5.14,3.914,0.000311531512660062,0.00160127197507272,-11.977532454,0.00010143757254044,0.00688355367259424,-0.00124412911792986
"35","b_g1_down",75,0,2.22,-15.117,0,0,-22.06165320168,-1.02515060632843e-05,-0.000695667201454476,0
"36","b_g1_down",80,2,2.32,8.123,0.000255400604249284,0.000592529401858338,-20.19674624982,1.02512935689306e-05,0.000695652781587633,0.00226461345528452
"37","b_g1_down",85,5,2.11,59.303,0.00081738856734081,0.00172468987708911,-19.338998162875,1.96810964646667e-05,0.00133555920609228,0.00541816726576803
"38","b_g1_down",90,11,2.13,131.923,0.00161370555324538,0.00343719282841266,-16.6311071912708,4.94495874352897e-05,0.00335564900335876,0.0122770928858731
"39","b_g1_down",93,15,2.8,105.461,0.00132368428706064,0.00370631600376979,-14.73783286075,7.02617391313606e-05,0.00476796161745413,0.0177222554248016
"40","b_g1_down",96,22,2.24,286.06,0.00329965441631661,0.00739122589254921,-15.014020443,6.72257530314226e-05,0.00456193960071234,0.0240373455360222
"41","b_g1_down",99,26,2.09,264.691,0.00306626435278619,0.00640849249732313,-11.23944172178,0.000108716115805501,0.00737747561856127,0.030734364645534
"42","b_g1_down",102,30,2.12,310.074,0.00356180108748711,0.00755101830547267,-9.81449025920625,0.00012437835022217,0.00844031484607648,0.0353061245516702
"43","b_g1_down",105,35,2.12,353.319,0.0040335297857493,0.00855108314578853,-7.80487302508333,0.00014646604629519,0.00993918590159156,0.0414489168542115
"44","b_g1_down",108,38,2.15,442.461,0.00500449244348189,0.0107596587534861,-5.70949106599792,0.000169495331543031,0.0115019531985101,0.0435260555322282
"45","b_g1_down",115.25,47,2.53,416.344,0.00472021619334962,0.0119421469691745,-3.14966732362,0.000197627606541451,0.0134110093799029,0.0552007101736826
"46","b_g1_down",120,50,2.11,474.349,0.00535136186450014,0.0112913735340953,-1.411663087946,0.000216727233260756,0.0147071100490749,0.0601371978944761
"47","b_g1_down",125,52,2.12,537.823,0.00604108830579855,0.0128071072082929,-1.37034104433333,0.000217181328818589,0.0147379249736294,0.0614786070774214
"48","b_g1_down",134,52,2,441.298,0.00499183700647919,0.00998367401295838,1.04858792757938,0.000243762658666123,0.0165417340170831,0.0643020402727559
"49","b_g1_down",139,52,2.01,354.502,0.00404642793860301,0.00813332015659205,1.86331159245208,0.000252715240799966,0.0171492562406857,0.0661523941291222
"50","b_g1_down",149,49,2.09,247.357,0.00287686295271561,0.00601264357117563,2.17889282568333,0.000256182958195225,0.017384575543128,0.0639873564288244
"51","b_g1_down",159,44,2.11,197.013,0.00232636223261116,0.00490862431080955,1.57652770884792,0.000249563937700219,0.0169354088123369,0.0579485185463333
"52","b_g1_down",169,39,2.12,97.316,0.00123438148838329,0.00261688875537257,1.15624400357688,0.000244945645581524,0.0166220115091622,0.0530973969589131
"53","b_g1_down",189.5,26,2.14,57.748,0.000800323118241235,0.00171269147303624,-1.84010050490417,0.000212019030896004,0.0143876114366028,0.0354301656698209
"54","b_g1_down",209,16,2.1,30.652,0.000502861652649192,0.0010560094705633,-3.87357947171875,0.000189672027494177,0.0128711437857549,0.0218011333865796
"55","b_g1_down",229,9,2.03,26.863,0.000461251518427507,0.000936340582407839,-7.653400179148,0.000148130843837182,0.0100521590627912,0.011920802274735
"56","b_g1_down",249.5,3,2.04,8.146,0.000255653301990894,0.000521532736061424,-9.12434748653125,0.000131963818281894,0.00895506470860934,0.00376418154965286
"57","b_g1_down",269,-3,2.02,2.511,0.00019373849448924,0.000391351758868265,-10.8090291051458,0.0001134470122502,0.00769851425129857,-0.00467706604458255
"58","b_g1_down",289,-8,2.19,-4.355,0.000118287540628396,0.000259049713976187,-11.6212064386875,0.000104519896701981,0.00709272019019642,-0.0116876211425476
"59","b_g2_up",10,-0.988448844884488,1.86,1.101,4.68739919055744e-05,8.71856249443684e-05,-22.66397891,1.99199167886729e-06,0.000137248226673957,-0.00149925540335078
"60","b_g2_up",20.5,1.5486798679868,3.56,-1.904,1.38522189253899e-05,4.93138993743882e-05,-24.15974545,-1.44533102483715e-05,-0.000995833076112794,0.00216308591203532
"61","b_g2_up",25.0833333333333,1.78314081408141,1.94,-7.859,-5.15934512976546e-05,-0.00010009129551745,-22.53877207,3.36856157351004e-06,0.000232093892414842,0.00264743531563375
"62","b_g2_up",35,2.29042904290429,5.22,-3.996,-9.13795145576074e-06,-4.77001065990711e-05,-22.01814851,9.09244674250458e-06,0.000626469580558565,0.00331974159646234
"63","b_g2_up",39,5.4950495049505,1.87,209.151,0.00232777399570503,0.0043529373719684,-21.38417605,1.60624328723151e-05,0.00110670162490251,0.00349713334938945
"64","b_g2_up",42,8.64851485148515,1.91,405.198,0.00446747423185001,0.00853287578283353,-19.79692247,3.35125005072809e-05,0.00230901128495165,0.00382214543357383
"65","b_g2_up",45,15.8019801980198,1.9,770.134,0.00842584769735901,0.0160091106249821,-18.72967026,4.52453918445925e-05,0.00311740749809243,0.00656514680076046
"66","b_g2_up",48,25.9554455445545,1.8,338.791,0.00374373377878895,0.0067387208018201,-19.2812503,3.91816034353756e-05,0.00269961247669738,0.030340487118972
"67","b_g2_up",51,40.1089108910891,1.76,340.563,0.00376305983984809,0.00662298531813264,-17.48693162,5.89071513906175e-05,0.00405870273081354,0.0506754588119947
"68","b_g2_up",54,60.2623762376238,1.78,3120.431,0.0331755425330855,0.0590524657088921,-16.72625862,6.72692477205455e-05,0.00463485116794558,0.0270366432019989
"69","b_g2_up",57,78.4158415841584,7.39,1017.524,0.0110911732677238,0.0819637704484788,-9.715322307,0.000144333980232241,0.00994461123800139,0.0300588603860332
"70","b_g2_up",60,99.5693069306931,1.92,4521.786,0.0473466716312773,0.0909056095320525,-12.01516758,0.000119055233847348,0.00820290561208225,0.0513362575117948
"71","b_g2_up",63,108.722772277228,5.48,1727.189,0.018657165857865,0.1022412689011,-10.09995699,0.000140106358590778,0.00965332810690459,0.0530769772092249
"72","b_g2_up",66.1666666666667,117.884763476348,2.06,4455.135,0.0466821919411335,0.096165315398735,-6.096079427,0.000184112266971365,0.0126853351943271,0.0722414895674759
"73","b_g2_up",70,116.080858085809,1.83,4652.901,0.0486510961997143,0.0890315060454772,-5.294618133,0.000192920515549163,0.0132922235213374,0.0767982912199636
"74","b_g2_up",75,115.336633663366,3.65,294.919,0.00326500827280408,0.0119172801957349,-5.503152106,0.000190628693122214,0.0131343169561206,0.15284933932336
"75","b_g2_up",80,110.592409240924,1.75,556.308,0.00611039887858499,0.0106931980375237,-0.772875716,0.000242612591137961,0.0167160075294055,0.147295958020939
"76","b_g2_up",85,100.848184818482,1.78,1631.838,0.017647410699345,0.0314123910448341,1.793998674,0.000270819255106346,0.0186594466768272,0.11265644441014
"77","b_g2_up",90,91.1039603960396,1.96,2609.883,0.0279060549532921,0.0546958677084524,-5.607032875,0.000189487022538435,0.0130556558528982,0.0754526471430327
"78","b_g2_up",95,81.3597359735974,1.82,2275.614,0.0244243949141046,0.0444523987436704,-0.415391721,0.000246540979112277,0.0169866734608359,0.0717757955043258
"79","b_g2_up",100,73.6155115511551,2.01,1748.606,0.0188836805253754,0.0379561978560045,-4.590464569,0.000200659199748654,0.0138254188626823,0.0672088186456457
"80","b_g2_up",110,60.1270627062706,1.8,1357.185,0.0147270886994822,0.026508759659068,-5.038616231,0.0001957340037453,0.0134860728580512,0.0593870442070329
"81","b_g2_up",120,48.6386138613861,NA,NA,NA,NA,-19.39398504,3.79422463019936e-05,0.00261422077020736,0.0451168980169805
"82","b_g2_up",150,28.1732673267327,1.77,482.735,0.00531117114437692,0.00940077292554715,-7.479975517,0.000168902553286988,0.0116373859214735,0.0308467518269281
"83","b_g2_up",180.5,18.733498349835,1.9,121.879,0.00137227337159081,0.00260731940602253,-10.30946758,0.000137803557017972,0.00949466507853829,0.0241548210937417
"84","b_g2_up",213,10.3960396039604,2.21,73.585,0.000842728894762302,0.00186243085742469,-12.24842958,0.000116491262691558,0.00802624799944831,0.0129890542910902
"85","b_g2_up",240,5.77722772277228,2.03,36.762,0.000438582370884096,0.000890322212894714,-13.37950281,0.000104058534211703,0.00716963300718635,0.00736286024820854
"86","b_g2_up",282,1.92574257425743,1.96,20.944,0.000264872233280575,0.000519149577229927,-14.37881577,9.30738512219843e-05,0.00641278834919472,0.00223191124313783
"87","b_g2_up",303,-1.07425742574257,2.95,-14.401,-0.00012350025919371,-0.000364325764621445,-15.19200858,8.41348646086447e-05,0.00579689217153562,-0.00117032770072509
"88","b_g2_up",333.55,-1.07425742574257,58.6,-23.434,-0.000222804240059537,-0.0130563284674888,-16.16835696,7.34021840207988e-05,0.00505741047903304,0.0115216750021423
"89","b_g2_up",390,-2.07425742574257,3.53,-16.234,-0.000143649670327118,-0.000507083336254725,-17.50064338,5.87564163903875e-05,0.0040483170892977,-0.00245614155766324
"90","b_g2_up",450,-0.074257425742573,2.57,-15.41,-0.0001345916774381,-0.000345900611015918,-17.71963205,5.63490418012229e-05,0.00388244898010426,0.000239818574240813
"91","b_g2_up",585,1.92574257425743,2.36,-13.59,-0.000114585533478085,-0.000270421859008281,-18.66282203,4.59802819903835e-05,0.00316804142913742,0.00302148267937603
"92","b_g2_up",720,NA,NA,NA,NA,NA,-20.92143758,2.11497854080301e-05,0.00145722021461327,0
"93","b_g2_up",720,NA,NA,NA,NA,NA,-20.19690926,2.91151537195177e-05,0.00200603409127477,0
"94","b_g2_up",1440,NA,NA,NA,NA,NA,-22.01930007,9.07978623373822e-06,0.000625597271504563,0
"95","b_g2_up",1440,NA,NA,NA,NA,NA,-22.01428053,9.13497217928418e-06,0.00062939958315268,0
"96","b_g2_down",40,3.91218637992835,6.21,-20.675,-4.39755634629169e-07,-2.73088249104714e-06,-20.33386275,6.76783159339264e-07,4.66303596784753e-05,0.00559156856810298
"97","b_g2_down",50,3.4318996415771,5.94,-20.595,4.3975524360168e-07,2.61214614699398e-06,-20.41783788,-2.464245264025e-07,-1.69786498691322e-05,0.00490010162753457
"98","b_g2_down",60,2.95161290322584,2.42,-13.978,7.31808841740837e-05,0.000177097739701283,-20.14785643,2.72169751574028e-06,0.000187524958834505,0.00403949212204992
"99","b_g2_down",70,2.47132616487458,1.95,-0.842,0.000217554123957105,0.000424230541716355,-20.35222675,4.74892747534192e-07,3.27201103051058e-05,0.00310623540810448
"100","b_g2_down",80,2.99103942652333,2.28,9.257,0.00032852009019509,0.000749025805644805,-20.72533158,-3.62697043755807e-06,-0.000249898263147751,0.00352388766081709
"101","b_g2_down",85,4.2508960573477,2.17,36.055,0.000622850936223905,0.00135158653160587,-18.61246793,1.96011127676175e-05,0.00135051666968884,0.00472112212174799
"102","b_g2_down",90,8.51075268817207,2.09,121.329,0.00155827720399827,0.00325679935635638,-18.39019468,2.20446436337424e-05,0.00151887594636485,0.00890141876960373
"103","b_g2_down",95,15.7706093189964,5.72,79.822,0.00110318102790772,0.00631019547963218,-14.2075604,6.80236159571034e-05,0.00468682713944442,0.0162192464046485
"104","b_g2_down",100,26.0304659498208,2.06,426.657,0.00489315048113313,0.0100798899911343,-14.60304085,6.36763510337597e-05,0.00438730058622604,0.0271064899371812
"105","b_g2_down",105,33.2903225806452,2.04,524.799,0.00596030525949705,0.012159022729374,-12.00551228,9.22286308883483e-05,0.0063545526682072,0.035398580957262
"106","b_g2_down",110,41.5501792114696,2.24,644.559,0.00725939429713058,0.0162610432255725,-10.54226885,0.000108312015268116,0.00746269785197319,0.0430963556479554
"107","b_g2_down",115,48.8100358422939,2.31,647.491,0.00729115592944466,0.0168425701970172,-6.615172408,0.000151474497125118,0.0104365928519206,0.0528860524348313
"108","b_g2_down",120,54.0698924731183,1.84,143.65,0.00180283856095907,0.00331722295216469,-4.900457507,0.000170319644322832,0.0117350234938431,0.0739254805808615
"109","b_g2_down",125,57.3297491039427,2.08,793.112,0.00886605097938995,0.0184413860371311,-4.707486025,0.000172440404389657,0.0118811438624473,0.0634582555399299
"110","b_g2_down",130,59.589605734767,2.24,715.592,0.00802829953305252,0.0179833909540376,-3.335808563,0.000187514902318062,0.0129197767697145,0.0671446172384867
"111","b_g2_down",136,58.9014336917563,5.89,215.362,0.0025877362758637,0.0152417666648372,-0.705137391,0.000216424237419266,0.0149116299581874,0.0689031386091004
"112","b_g2_down",140,59.1093189964158,2.18,628.24,0.0070825770428996,0.0154400179535211,-4.409619762,0.000175713942135135,0.0121066906131108,0.0690018663270729
"113","b_g2_down",145,58.3691756272402,2.33,492.396,0.00560822466898283,0.01306716347873,-0.621622462,0.000217341983534493,0.0149748626655266,0.0703173731316131
"114","b_g2_down",150,57.6290322580645,2.96,39.988,0.000666033564765429,0.00197145935170567,1.659581391,0.000242409489266293,0.0167020138104476,0.0803557295883865
"115","b_g2_down",155,54.8888888888889,2.17,397.413,0.0045747153914669,0.00992713239948317,-0.505872994,0.000218613952398574,0.0150625013202618,0.0684855660132153
"116","b_g2_down",160,53.1487455197133,1.92,372.059,0.00429847132642514,0.00825306494673627,0.363220589,0.000228164301947966,0.0157205204042149,0.0676737143671398
"117","b_g2_down",165,49.4086021505377,6.8,82.255,0.00112986879932841,0.00768310783543316,0.62806371,0.000231074589815174,0.0159210392382655,0.0629006095224778
"118","b_g2_down",170,45.668458781362,1.98,41.936,0.000687420359984908,0.00136109231277012,-1.620253945,0.000206367903869143,0.014218748576584,0.0638795630891756
"119","b_g2_down",173,46.8243727598567,1.99,249.068,0.00295622211635856,0.00588288201155354,-0.305250658,0.000220818579962753,0.0152144001594336,0.061009079073956
"120","b_g2_down",176,45.9802867383513,2.03,246.834,0.00293180776103139,0.00595156975489371,-1.569356415,0.000206927228746261,0.0142572860606174,0.0597345541570367
"121","b_g2_down",179,44.1362007168459,1.97,217.076,0.00260648097182908,0.00513476751450329,-1.595336967,0.000206641722454869,0.0142376146771405,0.0579169477952766
"122","b_g2_down",182,42.2921146953405,5.36,57.855,0.000862157958015274,0.00462116665496187,-0.919223486,0.000214071636104436,0.0147495357275957,0.0557961400526675
"123","b_g2_down",185,40.4480286738351,3.22,9.327,0.000329289150495808,0.0010603110645965,-2.231681781,0.000199648730732149,0.013755797547445,0.0567225870408823
"124","b_g2_down",190,37.7078853046595,3.78,2.39,0.000253069459093003,0.000956602555371552,-1.880862074,0.000203504010192737,0.0140214263022796,0.0529118050227135
"125","b_g2_down",195,35.9677419354839,2.59,-1.31,0.000212411221654054,0.000550145064083999,-2.016245153,0.000202016242134635,0.0139189190830763,0.0508323434151787
"126","b_g2_down",205,30.4874551971326,4.34,-2.24,0.000202191192922864,0.000877509777285231,-3.280155685,0.000188126508114972,0.0129619164091216,0.04267599764719
"127","b_g2_down",215,28.0071684587814,2.32,10.629,0.000343593454026585,0.000797136813341677,5.930709691,0.000289340296358182,0.0199355464190787,0.0392131038420603
"128","b_g2_down",225,24.5268817204301,3.21,12.09,0.000359644103709934,0.00115445757290889,-6.046949719,0.000157719486681872,0.010866872632381,0.0338839448848484
"129","b_g2_down",255,16.0860215053764,39.5,-21.935,-1.42922582849724e-05,-0.000564544202256408,-6.038156703,0.000157816124746551,0.0108735309950374,0.0235445749242226
"130","b_g2_down",285,8.6451612903226,5.81,-20.224,4.51846649559065e-06,2.62522903393817e-05,-7.541503756,0.000141293584271118,0.00973512795628005,0.0123239781244072
"131","b_g2_down",315,4.20430107526883,45.4,-22.361,-1.89758112350905e-05,-0.000861501830073107,-11.62149782,9.64496143014554e-05,0.00664537842537027,0.00686764622331429
"132","b_g2_down",345,0.763440860215063,61.9,-23.576,-3.23340756248729e-05,-0.00200147928117963,-13.09531515,8.02496153425938e-05,0.00552919849710471,0.00309210908148686
"133","b_g2_down",405,-3.11827956989247,NA,NA,NA,-0.0015,-14.6453005,6.32118153331852e-05,0.00435529407645646,-0.00295468509984638
"134","b_g2_down",465,0,45.6,-22.683,-2.25159910202839e-05,-0.00102672919052495,-15.56207492,5.31341410780241e-05,0.00366094232027586,0.00102672919052495
"135","b_g2_down",510,2.33870967741935,2.56,-14.588,6.64755605754037e-05,0.000170177435073033,-15.87477814,4.96966932358629e-05,0.00342410216395096,0.00317083638981176
"136","b_g2_down",585,NA,2.19,-12.902,8.50084136795465e-05,0.000186168425958207,-17.3039718,3.39857140676959e-05,0.00234161569926424,0
"137","b_g2_down",725,NA,NA,NA,NA,NA,-19.23752676,1.27295484718751e-05,0.000877065889712192,0
"138","b_g2_down",725,NA,NA,NA,NA,NA,-19.30144357,1.20268756805021e-05,0.000828651734386596,0
"139","b_g2_down",1430,NA,NA,NA,NA,NA,-22.0789833,-1.85091168967665e-05,-0.00127527815418721,0
"140","b_g2_down",1430,NA,NA,NA,NA,NA,-21.61311428,-1.33872681242278e-05,-0.000922382773759295,0
"141","b_l_up",3,0.295380611581002,7.61,-28.295,-1.37862895603514e-05,-0.000104913663554274,-22.55894336,3.69863847507479e-07,2.6060606695377e-05,0.000512820222404229
"142","b_l_up",3,0.295380611581002,6.72,-27.113,-7.89474066826765e-07,-5.30526572907586e-06,-22.66981275,-8.49075218647966e-07,-5.98258399059356e-05,0.000413211824579031
"143","b_l_up",10,-0.598731294729994,5.51,-25.82,1.34274634251991e-05,7.39853234728473e-05,-22.75491086,-1.78467734182099e-06,-0.000125748365504707,-0.000900804730480934
"144","b_l_up",15,0.47690305790501,4.04,-26.335,7.76492708281541e-06,3.13703054145743e-05,-22.87168594,-3.06855142473243e-06,-0.000216210133386647,0.00062721010788282
"145","b_l_up",25,0.628171763175016,7.96,-27.643,-6.61710713685364e-06,-5.26721728093549e-05,-22.10757006,5.33239778417564e-06,0.000375720747873016,0.000920147464812949
"146","b_l_up",30,0.70380611581002,5.43,-26.475,6.2255856075541e-06,3.38049298490187e-05,-22.37917998,2.34624252783144e-06,0.000165316248511004,0.000938117801507675
"147","b_l_up",34,-0.235686402081978,4.09,-13.701,0.000146659778157537,0.000599838492664326,-22.10302694,5.38234595994815e-06,0.000379240096337946,-0.000925310190777534
"148","b_l_up",37,0.809694209499024,5.53,21.308,0.000531335738761083,0.00293828663534879,-21.44016582,1.26699496618265e-05,0.000892724653172294,-0.00182013748889775
"149","b_l_up",40.1666666666667,2.85759596616786,9.77,67.655,0.00104013264377828,0.0101620959297138,-20.67207628,2.11143175366229e-05,0.00148771481363045,-0.00621589197643437
"150","b_l_up",43,3.90045543266103,8.37,228.087,0.0027973168487227,0.023413542023809,-20.06118789,2.78303147755437e-05,0.00196092397908481,-0.0180271988072771
"151","b_l_up",46,14.945836044242,7.52,413.245,0.00481756813267756,0.0362281123577352,-19.43454977,3.47193669586552e-05,0.00244632659590685,-0.0155886244871153
"152","b_l_up",49,23.991216655823,6.29,698.934,0.00791852517330092,0.0498075233400628,-22.10757006,5.33239778417564e-06,0.000375720747873016,-0.0166767955772595
"153","b_l_up",52,36.036597267404,4.47,1111.142,0.0123584830587646,0.0552424192726776,-13.79790142,9.66825005919141e-05,0.00681224899170627,-0.0054775944748339
"154","b_l_up",55,49.081977878985,4.33,1417.078,0.0156278788171502,0.0676687152782602,-16.7382464,6.43605394385835e-05,0.00453484360884259,0.000111158935576325
"155","b_l_up",58,62.127358490566,3.57,1813.68,0.0198337459265455,0.0708064729577676,-7.73007986,0.000163376803491306,0.0115115295739974,0.0149884506720617
"156","b_l_up",61,72.172739102147,2.01,3156.818,0.0338113616897442,0.0679608369963858,-1.94068957,0.000227002351660035,0.0159945856979661,0.0317062789065791
"157","b_l_up",64,75.218119713728,NA,3142.019,0.0336595497555642,0.0671530311694297,1.21785089,0.00026171134104864,0.0184401810902872,0.0367196103400043
"158","b_l_up",67,79.263500325309,1.98,3127.22,0.0335076895669058,0.0663452253424735,2.113689909,0.000271555212466306,0.0191337802703759,0.0431138941543818
"159","b_l_up",70,84.30888093689,2.06,2951.168,0.0316974192981103,0.0652966837541073,3.038274486,0.000281714747146684,0.0198496210839553,0.0511298661111219
"160","b_l_up",73,85.354261548471,2.06,2817.503,0.0303184103957563,0.0624559254152579,3.343541111,0.000285069036799908,0.0200859643329215,0.0554142452945354
"161","b_l_up",76,86.399642160052,2.02,2783.411,0.0299660505208863,0.0605314220521903,4.875159501,0.000301898216396937,0.0212717483273282,0.0587823695021673
"162","b_l_up",80,85.46014964216,2.07,2475.394,0.0267707440783865,0.0554154402422601,5.926396641,0.000313448711614921,0.0220855962203873,0.0626009568826276
"163","b_l_up",85,81.535783994795,NA,2256.9915,0.0244921511594823,0.0500214769678655,4.676578268,0.00029971626967038,0.021118008360975,0.0625755580725658
"164","b_l_up",95,71.6870527000651,2.01,2038.589,0.02220274313108,0.0446275136934709,2.018757994,0.000270512068298565,0.0190602803323169,0.0543688924161428
"165","b_l_up",90,76.6114183474301,2,2260.17,0.0245253898114168,0.0490507796228335,3.165987491,0.00028311806877231,0.0199484991256969,0.056745940952189
"166","b_l_up",100,65.7626870527001,NA,1946.9455,0.0212388488544226,0.0417380335418509,0.852985239,0.000257701981338008,0.0181576816050761,0.0490771057214016
"167","b_l_up",106,58.8534482758621,1.92,1633.721,0.0179298372192022,0.0344252874608682,-0.161292558,0.000246556325816924,0.0173723587170605,0.0468485220629413
"168","b_l_up",110,54.9139557579701,1.97,1464.461,0.0161322826685524,0.0317805968570483,-1.354976629,0.000233438895925593,0.0164481046069173,0.0440529610944342
"169","b_l_up",115,49.9895901106051,1.9,1345.742,0.014867502247688,0.0282482542706073,-2.40275405,0.000221924551768723,0.0156368039176242,0.0407849892154664
"170","b_l_up",120,46.0652244632401,1.96,1171.761,0.0130080333723921,0.0254957454098885,-3.907910505,0.000205383461297136,0.0144713186829962,0.0381181359917288
"171","b_l_up",125,42.1408588158751,1.93,1069.737,0.0119143192878047,0.0229946362254631,-4.744274987,0.000196191898184789,0.0138236811461002,0.0351998830916977
"172","b_l_up",135,35.2921275211451,1.97,865.149,0.0097137007159506,0.0191359904104227,-6.911186883,0.000172376955490735,0.0121456802838772,0.0296007571187777
"173","b_l_up",145,28.4433962264151,1.95,715.02,0.00809254670771426,0.0157804660800428,-7.964645929,0.000160798743781318,0.0113298794868317,0.0234985096611971
"174","b_l_up",155,22.5946649316851,1.89,589.571,0.00673377601876588,0.0127268366754675,-8.866395888,0.000150887699930576,0.0106315473371084,0.0184753196587643
"175","b_l_up",165,18.7459336369551,2,481.393,0.00555904629301371,0.0111180925860274,-10.37068969,0.000134353714700405,0.00946656273779054,0.0147691491031011
"176","b_l_up",185,14.0484710474951,2.05,305.218,0.00363989683735457,0.00746178851657687,-10.98677303,0.000127582063528864,0.00898943219624374,0.0119384810252021
"177","b_l_up",205,9.35100845803513,2.01,253.022,0.00306986464267595,0.00617042793177865,-12.53694122,0.000110543052273171,0.00778886346316765,0.00674286946265082
"178","b_l_up",225,6.65354586857515,1.99,206.12,0.00255708542077191,0.0050885999873361,-13.37632822,0.000101316502233828,0.00713876074739552,0.00409963002164863
"179","b_l_up",255,2.10735198438517,1.99,150.357,0.00194673458614987,0.00387400182643825,-14.05887799,9.38137816410573e-05,0.0066101190544289,-0.000963849086096826
"180","b_l_up",285,1.56115810019519,1.89,107.796,0.00148037713115981,0.00279791277789204,-15.31197628,8.00391837757486e-05,0.00563956088883925,-0.000642027782384405
"181","b_l_up",345,-0.531229668184776,1.91,59.212,0.000947484488078097,0.00180969537222917,-16.82689056,6.33860791041489e-05,0.00446618313367833,-0.00254329824734147
"182","b_l_up",512.333333333333,0,7.12,-18.205,9.71484689388669e-05,0.000691697098844733,-18.93580509,4.02023323896866e-05,0.00283265634017731,-0.000691697098844733
"183","b_l_up",648.166666666667,0.25,4.36,-20.438,7.25998383417966e-05,0.000316535295170233,-20.62761826,2.1603084100626e-05,0.00152215330573011,2.8702800067862e-05
"184","b_l_up",1366.25,1.25,1.93,-17.72,0.000102480186881347,0.000197786760681001,-22.06099013,5.84450872207105e-06,0.000411804084557126,0.00152840371550948
"185","b_l_up",1840,1.25,2.19,-18.125,9.80279315273488e-05,0.000214681170044894,-20.0050055,2.84479693008245e-05,0.0020044439169361,0.00151150930614558
"186","b_l_down",70,0.499850000000038,4.8,-24.551,-1.33200730162829e-05,-6.39363504781582e-05,-21.90118364,1.94829917214874e-06,0.0001372771596696,0.000754205398097258
"187","b_l_down",75,-0.452874999999949,8.2,-22.128,1.33197142828147e-05,0.00010922165711908,-21.95040418,1.4071586402261e-06,9.9148397790331e-05,-0.00073462046664282
"188","b_l_down",80,0.59439999999995,4.58,3.491,0.000294901244904498,0.0013506477016626,-22.41324975,-3.68148775633376e-06,-0.000259397627311276,-0.000529809606424573
"189","b_l_down",85.3333333333333,1.64482666666663,6.3,31.41,0.000601579856233613,0.00378995309427176,-22.04874207,3.26010294820697e-07,2.29706853730663e-05,-0.00151852579268451
"190","b_l_down",88,2.67003999999997,7.58,33.036,0.000619434928598577,0.00469531675877721,-19.90155276,2.39321432402052e-05,0.00168625881270486,-0.00100811866353916
"191","b_l_down",91,3.69840499999998,3.75,150.216,0.00190449013218718,0.00714183799570193,-19.76050896,2.54827349829376e-05,0.00179551350689779,-0.00203451680522577
"192","b_l_down",94,5.72676999999999,4.15,171.761,0.00214039997437097,0.00888265989363951,-19.99367297,2.29193996304413e-05,0.00161490089796089,-0.000974263226972858
"193","b_l_down",97,7.755135,8,95.259,0.00130222012984391,0.0104177610387513,-18.37147571,4.07530755402747e-05,0.00287146170256775,0.000291711104105832
"194","b_l_down",100,9.7835,6.94,154.294,0.00194915138760231,0.0135271106299601,-16.81057284,5.79123025867267e-05,0.00408050084026077,-1.656301091244e-05
"195","b_l_down",103,12.811865,4.64,290.128,0.0034344665845085,0.0159359249521195,-16.27948607,6.37504791670476e-05,0.00449185876211017,0.00175665052407103
"196","b_l_down",106,15.84023,4.03,380.228,0.00441722730735629,0.0178014260486458,-15.3465031,7.40064881672841e-05,0.00521449715626684,0.00407317728468753
"197","b_l_down",109.1,18.8695405,5.95,300.08,0.00354311382669479,0.021081527268834,-13.85767385,9.03723122868856e-05,0.00636763312373396,0.00497640961211835
"198","b_l_down",112.083333333333,21.8977479166666,5.24,360.768,0.00420513439571077,0.0220349042335244,-12.81935391,0.00010178563201101,0.00717181563149573,0.00820484288949136
"199","b_l_down",115.083333333333,24.9261129166666,8.31,249.264,0.00298809791068461,0.0248310936377891,-12.02421383,0.000110525715569288,0.00778764191901204,0.00959068134236958
"200","b_l_down",118,26.95369,8.38,256.943,0.00307200857636391,0.0257434318699295,-10.69507938,0.000125135055724675,0.0088170160263606,0.0114783305110229
"201","b_l_down",121,28.9820549999999,8.4,270.647,0.00322172069325088,0.0270624538233074,-10.28836102,0.000129605462943709,0.00913200091901374,0.0129603840338354
"202","b_l_down",126,32.02933,7.83,310.233,0.0036539307328778,0.0286102776384332,-8.924661425,0.00014459414594041,0.0101881035229613,0.0156207018853763
"203","b_l_down",131.083333333333,33.0773929166667,8.11,310.087,0.00365233736389041,0.0296204560211512,-6.667410132,0.000169403028148619,0.0119361373633517,0.016057848482817
"204","b_l_down",141,34.171155,5.78,455.734,0.00523929682270787,0.0302831356352515,-6.204190375,0.000174494006272631,0.0122948476819696,0.0169056022218914
"205","b_l_down",151,34.265705,7.3,337.817,0.00395487592036315,0.028870594218651,-5.772246767,0.000179241199262842,0.0126293349000599,0.0184487126861109
"206","b_l_down",161,33.360255,4.2,543.001,0.00618770565286727,0.0259883637420426,-4.953659381,0.00018823760116529,0.0132632213781063,0.0200805598293861
"207","b_l_down",181,30.549355,8.22,207.464,0.00253108659557602,0.0208055318156349,-4.668926594,0.00019136682013789,0.0134837061469157,0.0213816727081746
"208","b_l_down",201,25.738455,6.91,199.43,0.00244320004882757,0.0168825123373985,-6.011642958,0.000176610167186057,0.0124439523799296,0.0186610683768873
"209","b_l_down",221,20.927555,7.98,123.954,0.00161677831642889,0.0129018909651026,-6.936570825,0.000166444815913262,0.0117277017292485,0.0159980659396593
"210","b_l_down",241,16.116655,4.37,189.344,0.0023328438349934,0.0101945275589212,-8.914680145,0.000144703850422565,0.0101958333007739,0.012061805536317
"211","b_l_down",261,12.305755,5.88,103.359,0.00139103364284539,0.00817927781993088,-8.891924677,0.0001449539562131,0.010213455754775,0.00881438384673575
"212","b_l_down",281,7.49485500000003,7.66,55.762,0.000868921175219781,0.00665593620218353,-10.23842519,0.000130154325212907,0.00917067375450145,0.00369410165495937
"213","b_l_down",345,3.09997499999997,5.4,33.537,0.000624936269251119,0.00337465585395604,-12.86573485,0.000101275813561908,0.00713589382357207,0.000906262003186775
"214","b_l_down",515.5,0,4.13,-3.455,0.000218572760066501,0.00090270549907465,-17.90062178,4.59293024100242e-05,0.00323617864781031,-0.00090270549907465
"215","b_l_down",650.583333333333,0,1.93,-7.155,0.000177909240512702,0.000343364834189515,-18.02000364,4.46169098862782e-05,0.00314370747058716,-0.000343364834189515
"216","b_l_down",1364.25,0,1.93,38.4,0.000678332328370513,0.00130918139375509,-21.48924486,6.47721388757211e-06,0.000456384490518331,-0.00130918139375509
"217","b_l_down",1840,0,2.15,-18.897,4.88408631595539e-05,0.000105007855793041,-19.12896729,3.24256483879432e-05,0.00228471118541447,-0.000105007855793041
